[
 {
  "dwc:recordNumber": "1312411",
  "dwc:occurrenceID": "03b53a6a-99ca-43ee-b8c5-ecc498336b10",
  "dwc:catalogNumber": "8143",
  "h2i:culturalArtefactFunction": "Ceremonial Artifact",
  "h2i:culturalArtefactParts": "tusk",
  "cd:culturalAffiliation": "Edo",
  "cd:period": [],
  "cd:materials": "animal tooth; elephant tusk - ivory",
  "dwc:locationID": "400853",
  "dwc:continent": "Africa",
  "dwc:country": "Nigeria",
  "dwc:stateProvince": "Edo",
  "dwc:county": "Benin Kingdom",
  "cd:municipality": "Benin City",
  "dwc:locality": "Benin City",
  "dwc:recordedBy": "Collector",
  "dates": [
   {
    "cd:temporalCoverageStartDate": "1904",
    "cd:temporalCoverageType": "accession year"
   }
  ],
  "identifiers": [
   {
    "cd:identifier": "862",
    "cd:identifierType": "accession number"
   },
   {
    "cd:identifier": "8143.nosub[1]",
    "cd:identifierType": "objectID"
   },
   {
    "cd:identifier": "306",
    "cd:identifierType": "Publication number"
   },
   {
    "cd:identifier": "XVII",
    "cd:identifierType": "Publication number"
   },
   {
    "cd:identifier": "99448",
    "cd:identifierType": "Image number"
   },
   {
    "cd:identifier": "99539",
    "cd:identifierType": "Image number"
   },
   {
    "cd:identifier": "99540",
    "cd:identifierType": "Image number"
   },
   {
    "cd:identifier": "CSA58327",
    "cd:identifierType": "Image number"
   },
   {
    "cd:identifier": "112461",
    "cd:identifierType": "Image number"
   },
   {
    "cd:identifier": "112834",
    "cd:identifierType": "Image number"
   },
   {
    "cd:identifier": "112835",
    "cd:identifierType": "Image number"
   },
   {
    "cd:identifier": "112836",
    "cd:identifierType": "Image number"
   },
   {
    "cd:identifier": "GN87049_30",
    "cd:identifierType": "Image number"
   },
   {
    "cd:identifier": "GN79715",
    "cd:identifierType": "Image number"
   },
   {
    "cd:identifier": "GN83906_4",
    "cd:identifierType": "Image number"
   },
   {
    "cd:identifier": "A99566",
    "cd:identifierType": "Image number"
   }
  ],
  "descriptions": [
   {
    "h2i:culturalArtefactDescription": "tusk",
    "fmnh:culturalArtefactDescriptionType": "Basic Description"
   },
   {
    "h2i:culturalArtefactDescription": "carved elephant tusk; note on back of catalog card: men and spear, [2 illegible words], birds, snake eating man, men vs [illegible word]; Dimensions: L = 223.5 cm; 7'4\"; 88\"",
    "fmnh:culturalArtefactDescriptionType": "Full Description"
   },
   {
    "h2i:culturalArtefactDescription": "The Art of Benin Catalog entry:\n306. TUSK. Ivory. L. 7'4\". CNHM 8143. Plate XVII A very fine ivory tusk carved all over with figures and animal forms. The second and fifth figures up, on the front of the tusk (on the outer side of the circumference), are representations of Oba Ohe, who was mentioned under \"Shield Plaques.\" Figures f Europeans and other dignitaries can be seen. Other forms include crocodile heads, a clenched hand, a turkey cock, crocodile, leopard, mud fish, cock, and elephant head with the trunk ending in a human hand. In the detail of the tusk illustrated is shown the figure of a European holding the foot of a leopard with his right hand. Above his hat is the head of a crocodile. To his left is the head of an elephant with its trunk ending in a human hand. Below the figure's feet is a leaf form similar to that found on altars to the hand.",
    "fmnh:culturalArtefactDescriptionType": "Full Description"
   }
  ],
  "measurements": [
   {
    "cd:measurementValue": "1",
    "cd:measurementType": "anthropology original inventory count",
    "cd:measurementMethod": "FMNH Metric"
   },
   {
    "cd:measurementValue": "1",
    "cd:measurementType": "anthropology current inventory count",
    "cd:measurementMethod": "FMNH Metric"
   }
  ],
  "simplenames": [],
  "resourcerelationship": [],
  "references": [],
  "multimedia": [
   {
    "dc:identifier": "dcb87a50-a8b2-4237-b7e3-3508dcd89169",
    "ac:accessURI": "http://fm-digital-assets.fieldmuseum.org/73/514/A112461c.jpg",
    "fmnh:citation": "Courtesy of: J. Weinstein. (c) Field Museum of Natural History. CC BY-NC 4.0. https://mm.fieldmuseum.org/dcb87a50-a8b2-4237-b7e3-3508dcd89169 (accessed on 12 Aug 2021)"
   },
   {
    "dc:identifier": "d70aa770-db59-4728-a176-592c89019ff5",
    "ac:accessURI": "http://fm-digital-assets.fieldmuseum.org/2243/413/CSA58327_8143_Edit.jpg",
    "fmnh:citation": "Courtesy of: C. J. Philipp. (c) Field Museum of Natural History. CC BY-NC 4.0. https://mm.fieldmuseum.org/d70aa770-db59-4728-a176-592c89019ff5 (accessed on 12 Aug 2021)"
   },
   {
    "dc:identifier": "a8ccda11-84db-4fc2-ac93-30b67d336c33",
    "ac:accessURI": "http://fm-digital-assets.fieldmuseum.org/84/719/A99540.jpg",
    "fmnh:citation": "(c) Field Museum of Natural History. CC BY-NC 4.0. https://mm.fieldmuseum.org/a8ccda11-84db-4fc2-ac93-30b67d336c33 (accessed on 12 Aug 2021)"
   },
   {
    "dc:identifier": "3cc23b3f-7ccc-40b0-bef4-8ab14ce6bf6f",
    "ac:accessURI": "http://fm-digital-assets.fieldmuseum.org/1356/812/A112835_6c.jpg",
    "fmnh:citation": "Courtesy of: J. Weinstein. (c) Field Museum of Natural History. CC BY-NC 4.0. https://mm.fieldmuseum.org/3cc23b3f-7ccc-40b0-bef4-8ab14ce6bf6f (accessed on 12 Aug 2021)"
   },
   {
    "dc:identifier": "8f7d0dc9-c4df-4021-95b6-bb8935865513",
    "ac:accessURI": "http://fm-digital-assets.fieldmuseum.org/1356/810/A112835_3c.jpg",
    "fmnh:citation": "Courtesy of: J. Weinstein. (c) Field Museum of Natural History. CC BY-NC 4.0. https://mm.fieldmuseum.org/8f7d0dc9-c4df-4021-95b6-bb8935865513 (accessed on 12 Aug 2021)"
   },
   {
    "dc:identifier": "8d962990-9683-4e06-9f16-aea9789b9ca4",
    "ac:accessURI": "http://fm-digital-assets.fieldmuseum.org/1356/814/A112835_10c.jpg",
    "fmnh:citation": "Courtesy of: J. Weinstein. (c) Field Museum of Natural History. CC BY-NC 4.0. https://mm.fieldmuseum.org/8d962990-9683-4e06-9f16-aea9789b9ca4 (accessed on 12 Aug 2021)"
   },
   {
    "dc:identifier": "85959424-47c2-4504-9df6-6ffcab5d778e",
    "ac:accessURI": "http://fm-digital-assets.fieldmuseum.org/1356/817/A112836_10c.jpg",
    "fmnh:citation": "Courtesy of: J. Weinstein. (c) Field Museum of Natural History. CC BY-NC 4.0. https://mm.fieldmuseum.org/85959424-47c2-4504-9df6-6ffcab5d778e (accessed on 12 Aug 2021)"
   },
   {
    "dc:identifier": "754a85df-31f5-4061-bea2-91369c629e83",
    "ac:accessURI": "http://fm-digital-assets.fieldmuseum.org/100/961/A99539.jpg",
    "fmnh:citation": "(c) Field Museum of Natural History. CC BY-NC 4.0. https://mm.fieldmuseum.org/754a85df-31f5-4061-bea2-91369c629e83 (accessed on 12 Aug 2021)"
   },
   {
    "dc:identifier": "3689ceaf-c784-4cfb-ad11-8c77a3ed1644",
    "ac:accessURI": "http://fm-digital-assets.fieldmuseum.org/73/922/A112834_2c.jpg",
    "fmnh:citation": "Courtesy of: J. Weinstein. (c) Field Museum of Natural History. CC BY-NC 4.0. https://mm.fieldmuseum.org/3689ceaf-c784-4cfb-ad11-8c77a3ed1644 (accessed on 12 Aug 2021)"
   },
   {
    "dc:identifier": "1bcf1e79-011c-4ca1-a9bb-e752ccfb1492",
    "ac:accessURI": "http://fm-digital-assets.fieldmuseum.org/73/921/A112834_1c.jpg",
    "fmnh:citation": "Courtesy of: J. Weinstein. (c) Field Museum of Natural History. CC BY-NC 4.0. https://mm.fieldmuseum.org/1bcf1e79-011c-4ca1-a9bb-e752ccfb1492 (accessed on 12 Aug 2021)"
   },
   {
    "dc:identifier": "c8181248-f06b-4c0f-a0d2-06a7f2d9ab90",
    "ac:accessURI": "http://fm-digital-assets.fieldmuseum.org/102/124/CSA58327.jpg",
    "fmnh:citation": "(c) Field Museum of Natural History. CC BY-NC 4.0. https://mm.fieldmuseum.org/c8181248-f06b-4c0f-a0d2-06a7f2d9ab90 (accessed on 12 Aug 2021)"
   },
   {
    "dc:identifier": "3297a964-bd6c-42ea-a232-9f0b2c316fae",
    "ac:accessURI": null,
    "fmnh:citation": "(c) Field Museum of Natural History. CC BY-NC 4.0. https://mm.fieldmuseum.org/3297a964-bd6c-42ea-a232-9f0b2c316fae (accessed on 12 Aug 2021)"
   },
   {
    "dc:identifier": "fd805cb9-ff9b-4a87-b2a8-eabb3eafd113",
    "ac:accessURI": "http://fm-digital-assets.fieldmuseum.org/1356/815/A112836_4c.jpg",
    "fmnh:citation": "Courtesy of: J. Weinstein. (c) Field Museum of Natural History. CC BY-NC 4.0. https://mm.fieldmuseum.org/fd805cb9-ff9b-4a87-b2a8-eabb3eafd113 (accessed on 12 Aug 2021)"
   },
   {
    "dc:identifier": "7efcf662-cfa0-4a6c-82f1-f35021759d39",
    "ac:accessURI": "http://fm-digital-assets.fieldmuseum.org/2040/207/GN87049_30.jpg",
    "fmnh:citation": "Courtesy of: J. Balodimas. (c) Field Museum of Natural History. https://mm.fieldmuseum.org/7efcf662-cfa0-4a6c-82f1-f35021759d39 (accessed on 12 Aug 2021)"
   },
   {
    "dc:identifier": "cf432cf2-947b-4368-9b92-0ca22615812a",
    "ac:accessURI": "http://fm-digital-assets.fieldmuseum.org/2032/932/GN79715.jpg",
    "fmnh:citation": "Courtesy of: J. Bayalis. (c) Field Museum of Natural History. https://mm.fieldmuseum.org/cf432cf2-947b-4368-9b92-0ca22615812a (accessed on 12 Aug 2021)"
   },
   {
    "dc:identifier": "15676409-38ec-45bf-8e12-3afb4bf4abf8",
    "ac:accessURI": "http://fm-digital-assets.fieldmuseum.org/2102/425/A99566.jpg",
    "fmnh:citation": "(c) Field Museum of Natural History. https://mm.fieldmuseum.org/15676409-38ec-45bf-8e12-3afb4bf4abf8 (accessed on 12 Aug 2021)"
   },
   {
    "dc:identifier": "c3d29c28-bd93-4e6c-935e-9298d84cab27",
    "ac:accessURI": "http://fm-digital-assets.fieldmuseum.org/2036/093/GN83906_4.jpg",
    "fmnh:citation": "Courtesy of: R. Testa. (c) Field Museum of Natural History. https://mm.fieldmuseum.org/c3d29c28-bd93-4e6c-935e-9298d84cab27 (accessed on 12 Aug 2021)"
   },
   {
    "dc:identifier": "a0c4cd9f-838d-4552-bc77-950cb9caf47b",
    "ac:accessURI": "http://fm-digital-assets.fieldmuseum.org/343/326/8143CC.pdf",
    "fmnh:citation": "Courtesy of: C. J. Philipp, J. W. Kennedy. (c) Field Museum of Natural History. CC BY-NC 4.0. https://mm.fieldmuseum.org/a0c4cd9f-838d-4552-bc77-950cb9caf47b (accessed on 12 Aug 2021)"
   }
  ]
 },
 {
  "dwc:recordNumber": "123456",
  "dwc:occurrenceID": "0123abcde-12345-abcdef",
  "dwc:catalogNumber": "8765-sample",
  "h2i:culturalArtefactFunction": "sample-data use classification",
  "h2i:culturalArtefactParts": "sample-data parts used",
  "cd:culturalAffiliation": "Sample-data Group",
  "cd:period": [],
  "cd:materials": "sample-data materials",
  "dwc:locationID": "45678",
  "dwc:continent": "Africa",
  "dwc:country": "Nigeria",
  "dwc:stateProvince": "Edo",
  "dwc:county": "Benin Kingdom",
  "cd:municipality": "Sample-data city",
  "dwc:locality": "Benin City",
  "dwc:recordedBy": "Collector",
  "dates": [
   {
    "cd:temporalCoverageStartDate": "1910",
    "cd:temporalCoverageType": "accession year"
   }
  ],
  "identifiers": [
   {
    "cd:identifier": "789-sample",
    "cd:identifierType": "accession number"
   },
   {
    "cd:identifier": "8765.nosub[1]",
    "cd:identifierType": "objectID"
   },
   {
    "cd:identifier": "3456-sample",
    "cd:identifierType": "Publication number"
   }
  ],
  "descriptions": [
   {
    "h2i:culturalArtefactDescription": "sample-data description",
    "fmnh:culturalArtefactDescriptionType": "Basic Description"
   }
  ],
  "measurements": [
   {
    "cd:measurementValue": "1",
    "cd:measurementType": "anthropology original inventory count",
    "cd:measurementMethod": "FMNH Metric"
   },
   {
    "cd:measurementValue": "1",
    "cd:measurementType": "anthropology current inventory count",
    "cd:measurementMethod": "FMNH Metric"
   }
  ],
  "simplenames": [],
  "resourcerelationship": [],
  "references": [],
  "multimedia": [
   {
    "dc:identifier": "abcdef-12345-987654-gfedcba",
    "ac:accessURI": "http://fm-digital-assets.fieldmuseum.org/1234/567/sample-data.jpg",
    "fmnh:citation": "Courtesy of: sample-data https://mm.fieldmuseum.org/abcdef-12345-987654-gfedcba (accessed on 16 Aug 2021)"
   }
  ]
 },
 {
  "dwc:recordNumber": "234567",
  "dwc:occurrenceID": "1234abcde-23456-abcdef",
  "dwc:catalogNumber": "9876-sample",
  "h2i:culturalArtefactFunction": [],
  "h2i:culturalArtefactParts": [],
  "cd:culturalAffiliation": "Sample-data Group",
  "cd:period": [],
  "cd:materials": "sample-data materials",
  "dwc:locationID": "45678",
  "dwc:continent": "Africa",
  "dwc:country": "Nigeria",
  "dwc:stateProvince": "Edo",
  "dwc:county": "Benin Kingdom",
  "cd:municipality": "Sample-data city",
  "dwc:locality": "Benin City",
  "dwc:recordedBy": "Collector",
  "dates": [
   {
    "cd:temporalCoverageStartDate": "1911",
    "cd:temporalCoverageType": "accession year"
   }
  ],
  "identifiers": [
   {
    "cd:identifier": "678-sample",
    "cd:identifierType": "accession number"
   },
   {
    "cd:identifier": "9876.nosub[1]",
    "cd:identifierType": "objectID"
   },
   {
    "cd:identifier": "23456-sample",
    "cd:identifierType": "Publication number"
   }
  ],
  "descriptions": [
   {
    "h2i:culturalArtefactDescription": "sample-data description",
    "fmnh:culturalArtefactDescriptionType": "Basic Description"
   }
  ],
  "measurements": [
   {
    "cd:measurementValue": "1",
    "cd:measurementType": "anthropology original inventory count",
    "cd:measurementMethod": "FMNH Metric"
   },
   {
    "cd:measurementValue": "1",
    "cd:measurementType": "anthropology current inventory count",
    "cd:measurementMethod": "FMNH Metric"
   }
  ],
  "simplenames": [],
  "resourcerelationship": [],
  "references": [],
  "multimedia": [
   {
    "dc:identifier": "bcdefg-23456-9876543-fedcba",
    "ac:accessURI": "http://fm-digital-assets.fieldmuseum.org/1234/567/sample-data.jpg",
    "fmnh:citation": "Courtesy of: sample-data https://mm.fieldmuseum.org/abcdef-12345-987654-gfedcba (accessed on 16 Aug 2021)"
   }
  ]
 }
]